Website,URL,Status,Status Code,Response Time (ms),Checked At
Google,https://this-domain-does-not-exist-12345.com,Offline,0,0.0,2026-07-10 22:55:53
Google,https://this-domain-does-not-exist-12345.com,Offline,0,0.0,2026-07-10 22:55:53
GitHub,https://github.com,Online,200,538.64,2026-07-10 22:55:53
GitHub,https://github.com,Online,200,508.74,2026-07-10 22:55:53
TimeFlow,https://smart-schedule-analyzer-xpr5.vercel.app/,Online,200,278.02,2026-07-10 22:55:53
TimeFlow,https://smart-schedule-analyzer-xpr5.vercel.app/,Online,200,299.1,2026-07-10 22:55:53
Example,https://example.com,Online,200,761.46,2026-07-10 22:55:53
Example,https://example.com,Online,200,1330.1,2026-07-10 22:55:53
Test,https://httpbin.org,Online,200,1417.82,2026-07-10 22:55:53
Test,https://httpbin.org,Online,200,1338.25,2026-07-10 22:55:53
Demo,https://expired.badssl.com,Offline,0,0.0,2026-07-10 22:55:53
Demo,https://expired.badssl.com,Offline,0,0.0,2026-07-10 22:55:53
Google,https://this-domain-does-not-exist-12345.com,Offline,0,0.0,2026-07-10 22:43:15
Google,https://this-domain-does-not-exist-12345.com,Offline,0,0.0,2026-07-10 22:43:15
GitHub,https://github.com,Online,200,574.69,2026-07-10 22:43:15
GitHub,https://github.com,Online,200,478.04,2026-07-10 22:43:15
TimeFlow,https://smart-schedule-analyzer-xpr5.vercel.app/,Online,200,270.08,2026-07-10 22:43:15
TimeFlow,https://smart-schedule-analyzer-xpr5.vercel.app/,Online,200,243.35,2026-07-10 22:43:15
Example,https://example.com,Online,200,963.47,2026-07-10 22:43:15
Example,https://example.com,Online,200,979.76,2026-07-10 22:43:15
Test,https://httpbin.org,Online,200,1646.52,2026-07-10 22:43:15
Test,https://httpbin.org,Online,200,1646.41,2026-07-10 22:43:15
Demo,https://expired.badssl.com,Offline,0,0.0,2026-07-10 22:43:15
Demo,https://expired.badssl.com,Offline,0,0.0,2026-07-10 22:43:15
Google,https://this-domain-does-not-exist-12345.com,Offline,0,0.0,2026-07-10 22:40:50
Google,https://this-domain-does-not-exist-12345.com,Offline,0,0.0,2026-07-10 22:40:50
GitHub,https://github.com,Online,200,545.57,2026-07-10 22:40:50
GitHub,https://github.com,Online,200,514.68,2026-07-10 22:40:50
TimeFlow,https://smart-schedule-analyzer-xpr5.vercel.app/,Online,200,231.13,2026-07-10 22:40:50
TimeFlow,https://smart-schedule-analyzer-xpr5.vercel.app/,Online,200,263.6,2026-07-10 22:40:50
Example,https://example.com,Online,200,898.89,2026-07-10 22:40:50
Example,https://example.com,Online,200,933.31,2026-07-10 22:40:50
Test,https://httpbin.org,Online,200,1266.83,2026-07-10 22:40:50
Test,https://httpbin.org,Online,200,1355.19,2026-07-10 22:40:50
Demo,https://expired.badssl.com,Offline,0,0.0,2026-07-10 22:40:50
Demo,https://expired.badssl.com,Offline,0,0.0,2026-07-10 22:40:50
Google,https://this-domain-does-not-exist-12345.com,Offline,0,0.0,2026-07-10 22:39:50
Google,https://this-domain-does-not-exist-12345.com,Offline,0,0.0,2026-07-10 22:39:50
GitHub,https://github.com,Online,200,610.03,2026-07-10 22:39:50
GitHub,https://github.com,Online,200,546.26,2026-07-10 22:39:50
TimeFlow,https://smart-schedule-analyzer-xpr5.vercel.app/,Online,200,263.8,2026-07-10 22:39:50
TimeFlow,https://smart-schedule-analyzer-xpr5.vercel.app/,Online,200,226.29,2026-07-10 22:39:50
Example,https://example.com,Online,200,887.99,2026-07-10 22:39:50
Example,https://example.com,Online,200,1427.25,2026-07-10 22:39:50
Test,https://httpbin.org,Online,200,1530.89,2026-07-10 22:39:50
Test,https://httpbin.org,Online,200,1462.0,2026-07-10 22:39:50
Demo,https://expired.badssl.com,Offline,0,0.0,2026-07-10 22:39:50
Demo,https://expired.badssl.com,Offline,0,0.0,2026-07-10 22:39:50
Google,https://this-domain-does-not-exist-12345.com,Offline,0,0.0,2026-07-10 22:38:50
Google,https://this-domain-does-not-exist-12345.com,Offline,0,0.0,2026-07-10 22:38:50
GitHub,https://github.com,Online,200,538.63,2026-07-10 22:38:50
GitHub,https://github.com,Online,200,583.21,2026-07-10 22:38:50
TimeFlow,https://smart-schedule-analyzer-xpr5.vercel.app/,Online,200,364.32,2026-07-10 22:38:50
TimeFlow,https://smart-schedule-analyzer-xpr5.vercel.app/,Online,200,334.77,2026-07-10 22:38:50
Example,https://example.com,Online,200,705.78,2026-07-10 22:38:50
Example,https://example.com,Online,200,784.93,2026-07-10 22:38:50
Test,https://httpbin.org,Online,200,1318.74,2026-07-10 22:38:50
Test,https://httpbin.org,Online,200,1606.93,2026-07-10 22:38:50
Demo,https://expired.badssl.com,Offline,0,0.0,2026-07-10 22:38:50
Demo,https://expired.badssl.com,Offline,0,0.0,2026-07-10 22:38:50
Google,https://this-domain-does-not-exist-12345.com,Offline,0,0.0,2026-07-10 22:37:39
Google,https://this-domain-does-not-exist-12345.com,Offline,0,0.0,2026-07-10 22:37:39
GitHub,https://github.com,Online,200,502.92,2026-07-10 22:37:39
GitHub,https://github.com,Online,200,499.32,2026-07-10 22:37:39
TimeFlow,https://smart-schedule-analyzer-xpr5.vercel.app/,Online,200,302.42,2026-07-10 22:37:39
TimeFlow,https://smart-schedule-analyzer-xpr5.vercel.app/,Online,200,268.19,2026-07-10 22:37:39
Example,https://example.com,Online,200,783.37,2026-07-10 22:37:39
Example,https://example.com,Online,200,927.07,2026-07-10 22:37:39
Test,https://httpbin.org,Online,200,1398.72,2026-07-10 22:37:39
Test,https://httpbin.org,Online,200,1503.99,2026-07-10 22:37:39
Demo,https://expired.badssl.com,Offline,0,0.0,2026-07-10 22:37:39
Demo,https://expired.badssl.com,Offline,0,0.0,2026-07-10 22:37:39
Google,https://this-domain-does-not-exist-12345.com,Offline,0,0.0,2026-07-10 22:36:50
Google,https://this-domain-does-not-exist-12345.com,Offline,0,0.0,2026-07-10 22:36:50
GitHub,https://github.com,Online,200,535.06,2026-07-10 22:36:50
GitHub,https://github.com,Online,200,600.36,2026-07-10 22:36:50
TimeFlow,https://smart-schedule-analyzer-xpr5.vercel.app/,Online,200,311.79,2026-07-10 22:36:50
TimeFlow,https://smart-schedule-analyzer-xpr5.vercel.app/,Online,200,278.72,2026-07-10 22:36:50
Example,https://example.com,Online,200,718.67,2026-07-10 22:36:50
Example,https://example.com,Online,200,676.99,2026-07-10 22:36:50
Test,https://httpbin.org,Online,200,1342.05,2026-07-10 22:36:50
Test,https://httpbin.org,Online,200,1319.18,2026-07-10 22:36:50
Demo,https://expired.badssl.com,Offline,0,0.0,2026-07-10 22:36:50
Demo,https://expired.badssl.com,Offline,0,0.0,2026-07-10 22:36:50
Google,https://this-domain-does-not-exist-12345.com,Offline,0,0.0,2026-07-10 22:35:44
Google,https://this-domain-does-not-exist-12345.com,Offline,0,0.0,2026-07-10 22:35:44
GitHub,https://github.com,Online,200,549.63,2026-07-10 22:35:44
GitHub,https://github.com,Online,200,610.97,2026-07-10 22:35:44
TimeFlow,https://smart-schedule-analyzer-xpr5.vercel.app/,Online,200,253.97,2026-07-10 22:35:44
TimeFlow,https://smart-schedule-analyzer-xpr5.vercel.app/,Online,200,230.52,2026-07-10 22:35:44
Example,https://example.com,Online,200,675.98,2026-07-10 22:35:44
Example,https://example.com,Online,200,724.62,2026-07-10 22:35:44
Test,https://httpbin.org,Online,200,1433.68,2026-07-10 22:35:44
Test,https://httpbin.org,Online,200,1608.05,2026-07-10 22:35:44
Demo,https://expired.badssl.com,Offline,0,0.0,2026-07-10 22:35:44
Demo,https://expired.badssl.com,Offline,0,0.0,2026-07-10 22:35:44
Google,https://this-domain-does-not-exist-12345.com,Offline,0,0.0,2026-07-10 22:35:16
Google,https://this-domain-does-not-exist-12345.com,Offline,0,0.0,2026-07-10 22:34:46
Google,https://this-domain-does-not-exist-12345.com,Offline,0,0.0,2026-07-10 22:34:46
Google,https://this-domain-does-not-exist-12345.com,Offline,0,0.0,2026-07-10 22:34:46
GitHub,https://github.com,Online,200,528.86,2026-07-10 22:34:46
GitHub,https://github.com,Online,200,526.81,2026-07-10 22:34:46
TimeFlow,https://smart-schedule-analyzer-xpr5.vercel.app/,Online,200,272.68,2026-07-10 22:34:46
TimeFlow,https://smart-schedule-analyzer-xpr5.vercel.app/,Online,200,268.67,2026-07-10 22:34:46
Example,https://example.com,Online,200,878.38,2026-07-10 22:34:46
Example,https://example.com,Online,200,845.81,2026-07-10 22:34:46
Test,https://httpbin.org,Online,200,1535.19,2026-07-10 22:34:46
Test,https://httpbin.org,Online,200,1476.11,2026-07-10 22:34:46
Demo,https://expired.badssl.com,Offline,0,0.0,2026-07-10 22:34:46
Demo,https://expired.badssl.com,Offline,0,0.0,2026-07-10 22:34:46
Google,https://this-domain-does-not-exist-12345.com,Offline,0,0.0,2026-07-10 22:34:10
Google,https://this-domain-does-not-exist-12345.com,Online,200,418.52,2026-07-10 22:33:28
Google,https://this-domain-does-not-exist-12345.com,Online,200,387.77,2026-07-10 22:33:28
GitHub,https://github.com,Online,200,520.76,2026-07-10 22:33:28
GitHub,https://github.com,Online,200,556.75,2026-07-10 22:33:28
TimeFlow,https://smart-schedule-analyzer-xpr5.vercel.app/,Online,200,241.93,2026-07-10 22:33:28
TimeFlow,https://smart-schedule-analyzer-xpr5.vercel.app/,Online,200,235.26,2026-07-10 22:33:28
Example,https://example.com,Online,200,906.52,2026-07-10 22:33:28
Example,https://example.com,Online,200,803.43,2026-07-10 22:33:28
Test,https://httpbin.org,Online,200,1353.54,2026-07-10 22:33:28
Test,https://httpbin.org,Online,200,1392.55,2026-07-10 22:33:28
Demo,https://expired.badssl.com,Offline,0,0.0,2026-07-10 22:33:28
Demo,https://expired.badssl.com,Offline,0,0.0,2026-07-10 22:33:28
Google,https://this-domain-does-not-exist-12345.com,Online,200,405.7,2026-07-10 22:33:10
Google,https://this-domain-does-not-exist-12345.com,Online,200,596.51,2026-07-10 22:32:28
Google,https://this-domain-does-not-exist-12345.com,Online,200,528.38,2026-07-10 22:32:28
GitHub,https://github.com,Online,200,566.42,2026-07-10 22:32:28
GitHub,https://github.com,Online,200,494.85,2026-07-10 22:32:28
TimeFlow,https://smart-schedule-analyzer-xpr5.vercel.app/,Online,200,241.96,2026-07-10 22:32:28
TimeFlow,https://smart-schedule-analyzer-xpr5.vercel.app/,Online,200,243.38,2026-07-10 22:32:28
Example,https://example.com,Online,200,951.08,2026-07-10 22:32:28
Example,https://example.com,Online,200,878.15,2026-07-10 22:32:28
Test,https://httpbin.org,Online,200,1512.99,2026-07-10 22:32:28
Test,https://httpbin.org,Online,200,1457.78,2026-07-10 22:32:28
Demo,https://expired.badssl.com,Offline,0,0.0,2026-07-10 22:32:28
Demo,https://expired.badssl.com,Offline,0,0.0,2026-07-10 22:32:28
Demo,https://expired.badssl.com,Offline,0,0.0,2026-07-10 22:31:15
Google,https://this-domain-does-not-exist-12345.com,Online,200,407.64,2026-07-10 22:30:07
Google,https://this-domain-does-not-exist-12345.com,Online,200,410.39,2026-07-10 22:30:07
GitHub,https://github.com,Online,200,512.62,2026-07-10 22:30:07
GitHub,https://github.com,Online,200,441.05,2026-07-10 22:30:07
TimeFlow,https://smart-schedule-analyzer-xpr5.vercel.app/,Online,200,237.14,2026-07-10 22:30:07
TimeFlow,https://smart-schedule-analyzer-xpr5.vercel.app/,Online,200,234.14,2026-07-10 22:30:07
Example,https://example.com,Online,200,725.28,2026-07-10 22:30:07
Example,https://example.com,Online,200,745.45,2026-07-10 22:30:07
Test,https://httpbin.org,Online,200,1639.58,2026-07-10 22:30:07
Test,https://httpbin.org,Online,200,1387.64,2026-07-10 22:30:07
Demo,https://expired.badssl.com,Offline,0,0.0,2026-07-10 22:30:07
Demo,https://expired.badssl.com,Offline,0,0.0,2026-07-10 22:30:07
Test,https://httpbin.org,Online,200,1340.71,2026-07-10 22:29:08
Demo,https://expired.badssl.com,Offline,0,0.0,2026-07-10 22:29:08
Demo,https://expired.badssl.com,Offline,0,0.0,2026-07-10 22:29:08
Google,https://this-domain-does-not-exist-12345.com,Online,200,475.63,2026-07-10 22:29:07
Google,https://this-domain-does-not-exist-12345.com,Online,200,520.05,2026-07-10 22:29:07
GitHub,https://github.com,Online,200,500.48,2026-07-10 22:29:07
GitHub,https://github.com,Online,200,515.11,2026-07-10 22:29:07
TimeFlow,https://smart-schedule-analyzer-xpr5.vercel.app/,Online,200,385.13,2026-07-10 22:29:07
TimeFlow,https://smart-schedule-analyzer-xpr5.vercel.app/,Online,200,277.33,2026-07-10 22:29:07
Example,https://example.com,Online,200,883.15,2026-07-10 22:29:07
Example,https://example.com,Online,200,879.96,2026-07-10 22:29:07
Test,https://httpbin.org,Online,200,1429.0,2026-07-10 22:29:07
Google,https://this-domain-does-not-exist-12345.com,Online,200,466.69,2026-07-10 22:28:07
Google,https://this-domain-does-not-exist-12345.com,Online,200,503.64,2026-07-10 22:28:07
GitHub,https://github.com,Online,200,661.86,2026-07-10 22:28:07
GitHub,https://github.com,Online,200,596.19,2026-07-10 22:28:07
TimeFlow,https://smart-schedule-analyzer-xpr5.vercel.app/,Online,200,355.39,2026-07-10 22:28:07
TimeFlow,https://smart-schedule-analyzer-xpr5.vercel.app/,Online,200,247.46,2026-07-10 22:28:07
Example,https://example.com,Online,200,881.45,2026-07-10 22:28:07
Example,https://example.com,Online,200,840.4,2026-07-10 22:28:07
Test,https://httpbin.org,Online,200,1565.98,2026-07-10 22:28:07
Test,https://httpbin.org,Online,200,1421.43,2026-07-10 22:28:07
Demo,https://expired.badssl.com,Offline,0,0.0,2026-07-10 22:28:07
Demo,https://expired.badssl.com,Offline,0,0.0,2026-07-10 22:28:07
Google,https://this-domain-does-not-exist-12345.com,Online,200,466.67,2026-07-10 22:27:09
Google,https://this-domain-does-not-exist-12345.com,Online,200,1461.74,2026-07-10 22:27:09
GitHub,https://github.com,Online,200,553.54,2026-07-10 22:27:09
GitHub,https://github.com,Online,200,514.72,2026-07-10 22:27:09
TimeFlow,https://smart-schedule-analyzer-xpr5.vercel.app/,Online,200,262.5,2026-07-10 22:27:09
TimeFlow,https://smart-schedule-analyzer-xpr5.vercel.app/,Online,200,306.88,2026-07-10 22:27:09
Example,https://example.com,Online,200,767.2,2026-07-10 22:27:09
Example,https://example.com,Online,200,1412.88,2026-07-10 22:27:09
Test,https://httpbin.org,Online,200,1322.16,2026-07-10 22:27:09
Test,https://httpbin.org,Online,200,1353.63,2026-07-10 22:27:09
Demo,https://expired.badssl.com,Offline,0,0.0,2026-07-10 22:27:09
Demo,https://expired.badssl.com,Offline,0,0.0,2026-07-10 22:27:09
Google,https://this-domain-does-not-exist-12345.com,Online,200,471.09,2026-07-10 22:25:46
GitHub,https://github.com,Online,200,876.37,2026-07-10 22:25:46
TimeFlow,https://smart-schedule-analyzer-xpr5.vercel.app/,Online,200,287.27,2026-07-10 22:25:46
Example,https://example.com,Online,200,593.92,2026-07-10 22:25:46
Test,https://httpbin.org,Online,200,1616.53,2026-07-10 22:25:46
Demo,https://expired.badssl.com,Offline,0,0.0,2026-07-10 22:25:46
Google,https://this-domain-does-not-exist-12345.com,Online,200,642.6,2026-07-10 22:25:45
GitHub,https://github.com,Online,200,556.15,2026-07-10 22:25:45
TimeFlow,https://smart-schedule-analyzer-xpr5.vercel.app/,Online,200,283.55,2026-07-10 22:25:45
Example,https://example.com,Online,200,927.67,2026-07-10 22:25:45
Test,https://httpbin.org,Online,200,1323.21,2026-07-10 22:25:45
Demo,https://expired.badssl.com,Offline,0,0.0,2026-07-10 22:25:45
Demo,https://expired.badssl.com,Offline,0,0.0,2026-07-10 22:25:02
Google,https://this-domain-does-not-exist-12345.com,Online,200,402.04,2026-07-10 22:24:10
GitHub,https://github.com,Online,200,564.3,2026-07-10 22:24:10
TimeFlow,https://smart-schedule-analyzer-xpr5.vercel.app/,Online,200,250.22,2026-07-10 22:24:10
Example,https://example.com,Online,200,837.47,2026-07-10 22:24:10
Test,https://httpbin.org,Online,200,1498.6,2026-07-10 22:24:10
Demo,https://expired.badssl.com,Offline,0,0.0,2026-07-10 22:24:10
Google,https://this-domain-does-not-exist-12345.com,Online,200,451.8,2026-07-10 22:24:08
GitHub,https://github.com,Online,200,500.41,2026-07-10 22:24:08
TimeFlow,https://smart-schedule-analyzer-xpr5.vercel.app/,Online,200,261.16,2026-07-10 22:24:08
Example,https://example.com,Online,200,658.45,2026-07-10 22:24:08
Test,https://httpbin.org,Online,200,1313.0,2026-07-10 22:24:08
Demo,https://expired.badssl.com,Offline,0,0.0,2026-07-10 22:24:08
Google,https://this-domain-does-not-exist-12345.com,Online,200,457.75,2026-07-10 22:23:10
GitHub,https://github.com,Online,200,536.34,2026-07-10 22:23:10
TimeFlow,https://smart-schedule-analyzer-xpr5.vercel.app/,Online,200,231.86,2026-07-10 22:23:10
Example,https://example.com,Online,200,850.22,2026-07-10 22:23:10
Test,https://httpbin.org,Online,200,1309.88,2026-07-10 22:23:10
Demo,https://expired.badssl.com,Offline,0,0.0,2026-07-10 22:23:10
Google,https://this-domain-does-not-exist-12345.com,Online,200,445.76,2026-07-10 22:23:08
GitHub,https://github.com,Online,200,448.69,2026-07-10 22:23:08
TimeFlow,https://smart-schedule-analyzer-xpr5.vercel.app/,Online,200,216.19,2026-07-10 22:23:08
Example,https://example.com,Online,200,883.96,2026-07-10 22:23:08
Test,https://httpbin.org,Online,200,1315.78,2026-07-10 22:23:08
Demo,https://expired.badssl.com,Offline,0,0.0,2026-07-10 22:23:08
Google,https://this-domain-does-not-exist-12345.com,Online,200,399.07,2026-07-10 22:22:34
Google,https://this-domain-does-not-exist-12345.com,Online,200,326.42,2026-07-10 22:22:09
GitHub,https://github.com,Online,200,340.76,2026-07-10 22:22:09
TimeFlow,https://smart-schedule-analyzer-xpr5.vercel.app/,Online,200,153.66,2026-07-10 22:22:09
Example,https://example.com,Online,200,746.48,2026-07-10 22:22:09
Test,https://httpbin.org,Online,200,1348.48,2026-07-10 22:22:09
Demo,https://expired.badssl.com,Offline,0,0.0,2026-07-10 22:22:09
Google,https://this-domain-does-not-exist-12345.com,Online,200,446.55,2026-07-10 22:22:07
GitHub,https://github.com,Online,200,401.03,2026-07-10 22:22:07
TimeFlow,https://smart-schedule-analyzer-xpr5.vercel.app/,Online,200,152.64,2026-07-10 22:22:07
Example,https://example.com,Online,200,607.03,2026-07-10 22:22:07
Test,https://httpbin.org,Online,200,1224.08,2026-07-10 22:22:07
Demo,https://expired.badssl.com,Offline,0,0.0,2026-07-10 22:22:07
Google,https://this-domain-does-not-exist-12345.com,Online,200,393.91,2026-07-10 22:21:10
GitHub,https://github.com,Online,200,488.71,2026-07-10 22:21:10
TimeFlow,https://smart-schedule-analyzer-xpr5.vercel.app/,Online,200,279.03,2026-07-10 22:21:10
Example,https://example.com,Online,200,888.04,2026-07-10 22:21:10
Test,https://httpbin.org,Online,200,1288.81,2026-07-10 22:21:10
Demo,https://expired.badssl.com,Offline,0,0.0,2026-07-10 22:21:10
Google,https://this-domain-does-not-exist-12345.com,Online,200,517.15,2026-07-10 22:21:08
GitHub,https://github.com,Online,200,523.31,2026-07-10 22:21:08
TimeFlow,https://smart-schedule-analyzer-xpr5.vercel.app/,Online,200,215.6,2026-07-10 22:21:08
Example,https://example.com,Online,200,900.7,2026-07-10 22:21:08
Test,https://httpbin.org,Online,200,1374.76,2026-07-10 22:21:08
Demo,https://expired.badssl.com,Offline,0,0.0,2026-07-10 22:21:08
Google,https://this-domain-does-not-exist-12345.com,Online,200,373.63,2026-07-10 22:20:10
GitHub,https://github.com,Online,200,467.77,2026-07-10 22:20:10
TimeFlow,https://smart-schedule-analyzer-xpr5.vercel.app/,Online,200,257.47,2026-07-10 22:20:10
Example,https://example.com,Online,200,663.72,2026-07-10 22:20:10
Test,https://httpbin.org,Online,200,1311.1,2026-07-10 22:20:10
Demo,https://expired.badssl.com,Offline,0,0.0,2026-07-10 22:20:10
Google,https://this-domain-does-not-exist-12345.com,Online,200,544.15,2026-07-10 22:20:09
GitHub,https://github.com,Online,200,499.84,2026-07-10 22:20:09
TimeFlow,https://smart-schedule-analyzer-xpr5.vercel.app/,Online,200,309.01,2026-07-10 22:20:09
Example,https://example.com,Online,200,870.11,2026-07-10 22:20:09
Test,https://httpbin.org,Online,200,1433.06,2026-07-10 22:20:09
Demo,https://expired.badssl.com,Offline,0,0.0,2026-07-10 22:20:09
Google,https://this-domain-does-not-exist-12345.com,Online,200,520.3,2026-07-10 22:02:00
GitHub,https://github.com,Online,200,556.41,2026-07-10 22:02:00
TimeFlow,https://smart-schedule-analyzer-xpr5.vercel.app/,Online,200,229.05,2026-07-10 22:02:00
Example,https://example.com,Online,200,873.91,2026-07-10 22:02:00
Test,https://httpbin.org,Online,200,2696.0,2026-07-10 22:02:00
Demo,https://expired.badssl.com,Offline,0,0.0,2026-07-10 22:02:00
Google,https://this-domain-does-not-exist-12345.com,Online,200,472.0,2026-07-10 22:01:01
GitHub,https://github.com,Online,200,429.12,2026-07-10 22:01:01
TimeFlow,https://smart-schedule-analyzer-xpr5.vercel.app/,Online,200,243.36,2026-07-10 22:01:01
Example,https://example.com,Online,200,916.05,2026-07-10 22:01:01
Test,https://httpbin.org,Online,200,1998.55,2026-07-10 22:01:01
Demo,https://expired.badssl.com,Offline,0,0.0,2026-07-10 22:01:01
Google,https://this-domain-does-not-exist-12345.com,Online,200,536.87,2026-07-10 22:00:59
GitHub,https://github.com,Online,200,504.8,2026-07-10 22:00:59
TimeFlow,https://smart-schedule-analyzer-xpr5.vercel.app/,Online,200,225.56,2026-07-10 22:00:59
Example,https://example.com,Online,200,815.99,2026-07-10 22:00:59
Test,https://httpbin.org,Online,200,1244.12,2026-07-10 22:00:59
Demo,https://expired.badssl.com,Offline,0,0.0,2026-07-10 22:00:59
Google,https://this-domain-does-not-exist-12345.com,Online,200,475.72,2026-07-10 22:00:01
GitHub,https://github.com,Online,200,474.62,2026-07-10 22:00:01
TimeFlow,https://smart-schedule-analyzer-xpr5.vercel.app/,Online,200,297.68,2026-07-10 22:00:01
Example,https://example.com,Online,200,862.43,2026-07-10 22:00:01
Test,https://httpbin.org,Online,200,1432.15,2026-07-10 22:00:01
Demo,https://expired.badssl.com,Offline,0,0.0,2026-07-10 22:00:01
Google,https://this-domain-does-not-exist-12345.com,Online,200,430.77,2026-07-10 22:00:00
GitHub,https://github.com,Online,200,475.69,2026-07-10 22:00:00
TimeFlow,https://smart-schedule-analyzer-xpr5.vercel.app/,Online,200,249.69,2026-07-10 22:00:00
Example,https://example.com,Online,200,1661.83,2026-07-10 22:00:00
Test,https://httpbin.org,Online,200,1409.41,2026-07-10 22:00:00
Demo,https://expired.badssl.com,Offline,0,0.0,2026-07-10 22:00:00
Google,https://this-domain-does-not-exist-12345.com,Online,200,491.87,2026-07-10 21:59:01
GitHub,https://github.com,Online,200,528.62,2026-07-10 21:59:01
TimeFlow,https://smart-schedule-analyzer-xpr5.vercel.app/,Online,200,247.26,2026-07-10 21:59:01
Example,https://example.com,Online,200,774.12,2026-07-10 21:59:01
Test,https://httpbin.org,Online,200,2262.82,2026-07-10 21:59:01
Demo,https://expired.badssl.com,Offline,0,0.0,2026-07-10 21:59:01
Google,https://this-domain-does-not-exist-12345.com,Online,200,586.09,2026-07-10 21:58:59
GitHub,https://github.com,Online,200,513.45,2026-07-10 21:58:59
TimeFlow,https://smart-schedule-analyzer-xpr5.vercel.app/,Online,200,323.82,2026-07-10 21:58:59
Example,https://example.com,Online,200,807.63,2026-07-10 21:58:59
Test,https://httpbin.org,Online,200,1357.22,2026-07-10 21:58:59
Demo,https://expired.badssl.com,Offline,0,0.0,2026-07-10 21:58:59
GitHub,https://github.com,Online,200,518.26,2026-07-10 21:56:42
TimeFlow,https://smart-schedule-analyzer-xpr5.vercel.app/,Online,200,228.01,2026-07-10 21:56:42
Example,https://example.com,Online,200,848.63,2026-07-10 21:56:42
Test,https://httpbin.org,Online,200,1766.55,2026-07-10 21:56:42
Demo,https://expired.badssl.com,Offline,0,0.0,2026-07-10 21:56:42
Google,https://this-domain-does-not-exist-12345.com,Online,200,474.0,2026-07-10 21:56:41
Google,https://this-domain-does-not-exist-12345.com,Online,200,509.41,2026-07-10 21:56:39
GitHub,https://github.com,Online,200,534.09,2026-07-10 21:56:39
TimeFlow,https://smart-schedule-analyzer-xpr5.vercel.app/,Online,200,284.74,2026-07-10 21:56:39
Example,https://example.com,Online,200,725.78,2026-07-10 21:56:39
Test,https://httpbin.org,Online,200,1354.61,2026-07-10 21:56:39
Demo,https://expired.badssl.com,Offline,0,0.0,2026-07-10 21:56:39
Google,https://this-domain-does-not-exist-12345.com,Online,200,465.88,2026-07-10 21:55:42
GitHub,https://github.com,Online,200,550.01,2026-07-10 21:55:42
TimeFlow,https://smart-schedule-analyzer-xpr5.vercel.app/,Online,200,235.55,2026-07-10 21:55:42
Example,https://example.com,Online,200,838.22,2026-07-10 21:55:42
Test,https://httpbin.org,Online,200,1369.35,2026-07-10 21:55:42
Demo,https://expired.badssl.com,Offline,0,0.0,2026-07-10 21:55:42
Google,https://this-domain-does-not-exist-12345.com,Online,200,507.61,2026-07-10 21:55:40
GitHub,https://github.com,Online,200,520.31,2026-07-10 21:55:40
TimeFlow,https://smart-schedule-analyzer-xpr5.vercel.app/,Online,200,288.2,2026-07-10 21:55:40
Example,https://example.com,Online,200,870.36,2026-07-10 21:55:40
Test,https://httpbin.org,Online,200,1346.04,2026-07-10 21:55:40
Demo,https://expired.badssl.com,Offline,0,0.0,2026-07-10 21:55:40
Google,https://this-domain-does-not-exist-12345.com,Online,200,474.62,2026-07-10 21:54:41
GitHub,https://github.com,Online,200,476.25,2026-07-10 21:54:41
TimeFlow,https://smart-schedule-analyzer-xpr5.vercel.app/,Online,200,218.18,2026-07-10 21:54:41
Example,https://example.com,Online,200,550.35,2026-07-10 21:54:41
Test,https://httpbin.org,Online,200,1865.78,2026-07-10 21:54:41
Demo,https://expired.badssl.com,Offline,0,0.0,2026-07-10 21:54:41
GitHub,https://github.com,Online,200,490.3,2026-07-10 21:54:40
TimeFlow,https://smart-schedule-analyzer-xpr5.vercel.app/,Online,200,267.1,2026-07-10 21:54:40
Example,https://example.com,Online,200,858.24,2026-07-10 21:54:40
Test,https://httpbin.org,Online,200,1399.03,2026-07-10 21:54:40
Demo,https://expired.badssl.com,Offline,0,0.0,2026-07-10 21:54:40
Google,https://this-domain-does-not-exist-12345.com,Online,200,484.95,2026-07-10 21:54:39
Google,https://this-domain-does-not-exist-12345.com,Online,200,509.31,2026-07-10 21:53:42
Google,https://this-domain-does-not-exist-12345.com,Online,200,537.65,2026-07-10 21:53:42
GitHub,https://github.com,Online,200,510.83,2026-07-10 21:53:42
GitHub,https://github.com,Online,200,541.27,2026-07-10 21:53:42
TimeFlow,https://smart-schedule-analyzer-xpr5.vercel.app/,Online,200,821.88,2026-07-10 21:53:42
TimeFlow,https://smart-schedule-analyzer-xpr5.vercel.app/,Online,200,257.94,2026-07-10 21:53:42
Example,https://example.com,Online,200,833.01,2026-07-10 21:53:42
Example,https://example.com,Online,200,818.51,2026-07-10 21:53:42
Test,https://httpbin.org,Online,200,1604.57,2026-07-10 21:53:42
Test,https://httpbin.org,Online,200,1425.41,2026-07-10 21:53:42
Demo,https://expired.badssl.com,Offline,0,0.0,2026-07-10 21:53:42
Demo,https://expired.badssl.com,Offline,0,0.0,2026-07-10 21:53:42
Google,https://this-domain-does-not-exist-12345.com,Online,200,557.18,2026-07-10 17:26:35
GitHub,https://github.com,Online,200,627.26,2026-07-10 17:26:35
TimeFlow,https://smart-schedule-analyzer-xpr5.vercel.app/,Online,200,279.54,2026-07-10 17:26:35
Example,https://example.com,Online,200,888.19,2026-07-10 17:26:35
Test,https://httpbin.org,Online,200,2592.79,2026-07-10 17:26:35
Demo,https://expired.badssl.com,Offline,0,0.0,2026-07-10 17:26:35
Google,https://this-domain-does-not-exist-12345.com,Online,200,708.71,2026-07-10 17:26:33
GitHub,https://github.com,Online,200,677.13,2026-07-10 17:26:33
TimeFlow,https://smart-schedule-analyzer-xpr5.vercel.app/,Online,200,432.37,2026-07-10 17:26:33
Example,https://example.com,Online,200,1429.99,2026-07-10 17:26:33
Test,https://httpbin.org,Online,200,1828.45,2026-07-10 17:26:33
Demo,https://expired.badssl.com,Offline,0,0.0,2026-07-10 17:26:33
Google,https://this-domain-does-not-exist-12345.com,Online,200,693.01,2026-07-10 17:25:34
Google,https://this-domain-does-not-exist-12345.com,Online,200,861.43,2026-07-10 17:25:34
GitHub,https://github.com,Online,200,912.83,2026-07-10 17:25:34
GitHub,https://github.com,Online,200,788.41,2026-07-10 17:25:34
TimeFlow,https://smart-schedule-analyzer-xpr5.vercel.app/,Online,200,330.49,2026-07-10 17:25:34
TimeFlow,https://smart-schedule-analyzer-xpr5.vercel.app/,Online,200,550.13,2026-07-10 17:25:34
Example,https://example.com,Online,200,1054.99,2026-07-10 17:25:34
Example,https://example.com,Online,200,1007.69,2026-07-10 17:25:34
Test,https://httpbin.org,Offline,503,1422.12,2026-07-10 17:25:34
Test,https://httpbin.org,Offline,503,1242.31,2026-07-10 17:25:34
Demo,https://expired.badssl.com,Offline,0,0.0,2026-07-10 17:25:34
Demo,https://expired.badssl.com,Offline,0,0.0,2026-07-10 17:25:34
Google,https://this-domain-does-not-exist-12345.com,Online,200,585.94,2026-07-10 17:24:34
GitHub,https://github.com,Online,200,506.25,2026-07-10 17:24:34
TimeFlow,https://smart-schedule-analyzer-xpr5.vercel.app/,Online,200,295.9,2026-07-10 17:24:34
Example,https://example.com,Online,200,3386.17,2026-07-10 17:24:34
Test,https://httpbin.org,Offline,503,1326.53,2026-07-10 17:24:34
Demo,https://expired.badssl.com,Offline,0,0.0,2026-07-10 17:24:34
Google,https://this-domain-does-not-exist-12345.com,Online,200,538.12,2026-07-10 17:24:32
GitHub,https://github.com,Online,200,694.96,2026-07-10 17:24:32
TimeFlow,https://smart-schedule-analyzer-xpr5.vercel.app/,Online,200,332.02,2026-07-10 17:24:32
Example,https://example.com,Online,200,973.89,2026-07-10 17:24:32
Test,https://httpbin.org,Offline,503,1251.23,2026-07-10 17:24:32
Demo,https://expired.badssl.com,Offline,0,0.0,2026-07-10 17:24:32
Google,https://this-domain-does-not-exist-12345.com,Online,200,588.35,2026-07-10 17:23:34
GitHub,https://github.com,Online,200,518.17,2026-07-10 17:23:34
TimeFlow,https://smart-schedule-analyzer-xpr5.vercel.app/,Online,200,284.21,2026-07-10 17:23:34
Example,https://example.com,Online,200,1672.96,2026-07-10 17:23:34
Test,https://httpbin.org,Offline,503,1273.93,2026-07-10 17:23:34
Demo,https://expired.badssl.com,Offline,0,0.0,2026-07-10 17:23:34
Google,https://this-domain-does-not-exist-12345.com,Online,200,660.57,2026-07-10 17:23:32
GitHub,https://github.com,Online,200,609.5,2026-07-10 17:23:32
TimeFlow,https://smart-schedule-analyzer-xpr5.vercel.app/,Online,200,272.8,2026-07-10 17:23:32
Example,https://example.com,Online,200,1435.24,2026-07-10 17:23:32
Test,https://httpbin.org,Online,200,1835.18,2026-07-10 17:23:32
Demo,https://expired.badssl.com,Offline,0,0.0,2026-07-10 17:23:32
Google,https://this-domain-does-not-exist-12345.com,Online,200,876.11,2026-07-10 17:22:34
GitHub,https://github.com,Online,200,658.82,2026-07-10 17:22:34
TimeFlow,https://smart-schedule-analyzer-xpr5.vercel.app/,Online,200,277.38,2026-07-10 17:22:34
Example,https://example.com,Online,200,655.53,2026-07-10 17:22:34
Test,https://httpbin.org,Online,200,2365.55,2026-07-10 17:22:34
Demo,https://expired.badssl.com,Offline,0,0.0,2026-07-10 17:22:34
Google,https://this-domain-does-not-exist-12345.com,Online,200,678.88,2026-07-10 17:22:33
GitHub,https://github.com,Online,200,679.05,2026-07-10 17:22:33
TimeFlow,https://smart-schedule-analyzer-xpr5.vercel.app/,Online,200,446.71,2026-07-10 17:22:33
Example,https://example.com,Online,200,1929.19,2026-07-10 17:22:33
Test,https://httpbin.org,Online,200,1326.11,2026-07-10 17:22:33
Demo,https://expired.badssl.com,Offline,0,0.0,2026-07-10 17:22:33
Google,https://this-domain-does-not-exist-12345.com,Online,200,820.6,2026-07-10 17:21:34
GitHub,https://github.com,Online,200,615.7,2026-07-10 17:21:34
TimeFlow,https://smart-schedule-analyzer-xpr5.vercel.app/,Online,200,443.32,2026-07-10 17:21:34
Example,https://example.com,Online,200,1186.82,2026-07-10 17:21:34
Test,https://httpbin.org,Offline,503,1360.04,2026-07-10 17:21:34
Demo,https://expired.badssl.com,Offline,0,0.0,2026-07-10 17:21:34
Google,https://this-domain-does-not-exist-12345.com,Online,200,764.8,2026-07-10 17:21:33
GitHub,https://github.com,Online,200,749.56,2026-07-10 17:21:33
TimeFlow,https://smart-schedule-analyzer-xpr5.vercel.app/,Online,200,454.17,2026-07-10 17:21:33
Example,https://example.com,Online,200,919.51,2026-07-10 17:21:33
Test,https://httpbin.org,Offline,503,1395.21,2026-07-10 17:21:33
Demo,https://expired.badssl.com,Offline,0,0.0,2026-07-10 17:21:33
Google,https://this-domain-does-not-exist-12345.com,Online,200,616.05,2026-07-10 17:20:35
GitHub,https://github.com,Online,200,564.17,2026-07-10 17:20:35
TimeFlow,https://smart-schedule-analyzer-xpr5.vercel.app/,Online,200,352.32,2026-07-10 17:20:35
Example,https://example.com,Online,200,1895.67,2026-07-10 17:20:35
Test,https://httpbin.org,Online,200,3284.17,2026-07-10 17:20:35
Demo,https://expired.badssl.com,Offline,0,0.0,2026-07-10 17:20:35
Google,https://this-domain-does-not-exist-12345.com,Online,200,501.33,2026-07-10 17:20:34
GitHub,https://github.com,Online,200,571.46,2026-07-10 17:20:34
TimeFlow,https://smart-schedule-analyzer-xpr5.vercel.app/,Online,200,252.58,2026-07-10 17:20:34
Example,https://example.com,Online,200,952.1,2026-07-10 17:20:34
Test,https://httpbin.org,Online,200,2315.5,2026-07-10 17:20:34
Demo,https://expired.badssl.com,Offline,0,0.0,2026-07-10 17:20:34
Google,https://this-domain-does-not-exist-12345.com,Online,200,580.97,2026-07-10 17:19:44
GitHub,https://github.com,Online,200,660.19,2026-07-10 17:19:44
TimeFlow,https://smart-schedule-analyzer-xpr5.vercel.app/,Online,200,456.01,2026-07-10 17:19:44
Example,https://example.com,Online,200,1538.1,2026-07-10 17:19:44
Test,https://httpbin.org,Offline,0,0.0,2026-07-10 17:19:44
Demo,https://expired.badssl.com,Offline,0,0.0,2026-07-10 17:19:44
Google,https://this-domain-does-not-exist-12345.com,Online,200,819.37,2026-07-10 17:19:42
GitHub,https://github.com,Online,200,660.14,2026-07-10 17:19:42
TimeFlow,https://smart-schedule-analyzer-xpr5.vercel.app/,Online,200,410.41,2026-07-10 17:19:42
Example,https://example.com,Online,200,1415.25,2026-07-10 17:19:42
Test,https://httpbin.org,Offline,0,0.0,2026-07-10 17:19:42
Demo,https://expired.badssl.com,Offline,0,0.0,2026-07-10 17:19:42
Google,https://this-domain-does-not-exist-12345.com,Online,200,567.13,2026-07-10 17:18:33
GitHub,https://github.com,Online,200,558.3,2026-07-10 17:18:33
TimeFlow,https://smart-schedule-analyzer-xpr5.vercel.app/,Online,200,275.49,2026-07-10 17:18:33
Example,https://example.com,Online,200,841.4,2026-07-10 17:18:33
Test,https://httpbin.org,Offline,503,1326.39,2026-07-10 17:18:33
Demo,https://expired.badssl.com,Offline,0,0.0,2026-07-10 17:18:33
Google,https://this-domain-does-not-exist-12345.com,Online,200,602.6,2026-07-10 17:18:31
GitHub,https://github.com,Online,200,570.0,2026-07-10 17:18:31
TimeFlow,https://smart-schedule-analyzer-xpr5.vercel.app/,Online,200,291.84,2026-07-10 17:18:31
Example,https://example.com,Online,200,868.77,2026-07-10 17:18:31
Test,https://httpbin.org,Offline,503,1191.3,2026-07-10 17:18:31
Demo,https://expired.badssl.com,Offline,0,0.0,2026-07-10 17:18:31
Google,https://this-domain-does-not-exist-12345.com,Online,200,670.54,2026-07-10 17:17:37
GitHub,https://github.com,Online,200,826.94,2026-07-10 17:17:37
TimeFlow,https://smart-schedule-analyzer-xpr5.vercel.app/,Online,200,418.82,2026-07-10 17:17:37
Example,https://example.com,Online,200,3465.24,2026-07-10 17:17:37
Test,https://httpbin.org,Offline,503,1203.3,2026-07-10 17:17:37
Demo,https://expired.badssl.com,Offline,0,0.0,2026-07-10 17:17:37
Google,https://this-domain-does-not-exist-12345.com,Online,200,828.66,2026-07-10 17:17:34
GitHub,https://github.com,Online,200,820.05,2026-07-10 17:17:34
TimeFlow,https://smart-schedule-analyzer-xpr5.vercel.app/,Online,200,353.18,2026-07-10 17:17:34
Example,https://example.com,Online,200,2732.59,2026-07-10 17:17:34
Test,https://httpbin.org,Offline,503,1456.61,2026-07-10 17:17:34
Demo,https://expired.badssl.com,Offline,0,0.0,2026-07-10 17:17:34
Google,https://this-domain-does-not-exist-12345.com,Online,200,810.21,2026-07-10 17:16:42
GitHub,https://github.com,Online,200,639.2,2026-07-10 17:16:42
TimeFlow,https://smart-schedule-analyzer-xpr5.vercel.app/,Online,200,375.07,2026-07-10 17:16:42
Example,https://example.com,Online,200,983.19,2026-07-10 17:16:42
Test,https://httpbin.org,Offline,0,0.0,2026-07-10 17:16:42
Demo,https://expired.badssl.com,Offline,0,0.0,2026-07-10 17:16:42
Google,https://this-domain-does-not-exist-12345.com,Online,200,748.94,2026-07-10 17:16:35
GitHub,https://github.com,Online,200,736.55,2026-07-10 17:16:35
TimeFlow,https://smart-schedule-analyzer-xpr5.vercel.app/,Online,200,354.69,2026-07-10 17:16:35
Example,https://example.com,Online,200,889.64,2026-07-10 17:16:35
Test,https://httpbin.org,Online,200,2251.63,2026-07-10 17:16:35
Demo,https://expired.badssl.com,Offline,0,0.0,2026-07-10 17:16:35
Google,https://this-domain-does-not-exist-12345.com,Online,200,566.75,2026-07-10 17:15:34
GitHub,https://github.com,Online,200,456.15,2026-07-10 17:15:34
TimeFlow,https://smart-schedule-analyzer-xpr5.vercel.app/,Online,200,288.12,2026-07-10 17:15:34
Example,https://example.com,Online,200,809.25,2026-07-10 17:15:34
Test,https://httpbin.org,Offline,503,1236.04,2026-07-10 17:15:34
Demo,https://expired.badssl.com,Offline,0,0.0,2026-07-10 17:15:34
Google,https://this-domain-does-not-exist-12345.com,Online,200,627.58,2026-07-10 17:15:32
GitHub,https://github.com,Online,200,558.39,2026-07-10 17:15:32
TimeFlow,https://smart-schedule-analyzer-xpr5.vercel.app/,Online,200,345.45,2026-07-10 17:15:32
Example,https://example.com,Online,200,1533.04,2026-07-10 17:15:32
Test,https://httpbin.org,Offline,503,1267.87,2026-07-10 17:15:32
Demo,https://expired.badssl.com,Offline,0,0.0,2026-07-10 17:15:32
Google,https://this-domain-does-not-exist-12345.com,Online,200,549.27,2026-07-10 17:14:33
GitHub,https://github.com,Online,200,519.13,2026-07-10 17:14:33
TimeFlow,https://smart-schedule-analyzer-xpr5.vercel.app/,Online,200,245.22,2026-07-10 17:14:33
Example,https://example.com,Online,200,945.14,2026-07-10 17:14:33
Test,https://httpbin.org,Offline,503,1213.48,2026-07-10 17:14:33
Demo,https://expired.badssl.com,Offline,0,0.0,2026-07-10 17:14:33
Google,https://this-domain-does-not-exist-12345.com,Online,200,616.95,2026-07-10 17:14:31
GitHub,https://github.com,Online,200,527.67,2026-07-10 17:14:31
TimeFlow,https://smart-schedule-analyzer-xpr5.vercel.app/,Online,200,298.42,2026-07-10 17:14:31
Example,https://example.com,Online,200,1140.83,2026-07-10 17:14:31
Test,https://httpbin.org,Offline,503,1277.5,2026-07-10 17:14:31
Demo,https://expired.badssl.com,Offline,0,0.0,2026-07-10 17:14:31
Google,https://this-domain-does-not-exist-12345.com,Online,200,591.67,2026-07-10 17:13:34
GitHub,https://github.com,Online,200,542.81,2026-07-10 17:13:34
TimeFlow,https://smart-schedule-analyzer-xpr5.vercel.app/,Online,200,259.87,2026-07-10 17:13:34
Example,https://example.com,Online,200,1611.99,2026-07-10 17:13:34
Test,https://httpbin.org,Offline,503,1230.89,2026-07-10 17:13:34
Demo,https://expired.badssl.com,Offline,0,0.0,2026-07-10 17:13:34
Google,https://this-domain-does-not-exist-12345.com,Online,200,634.04,2026-07-10 17:13:32
GitHub,https://github.com,Online,200,533.8,2026-07-10 17:13:32
TimeFlow,https://smart-schedule-analyzer-xpr5.vercel.app/,Online,200,263.69,2026-07-10 17:13:32
Example,https://example.com,Online,200,2030.31,2026-07-10 17:13:32
Test,https://httpbin.org,Offline,503,1234.47,2026-07-10 17:13:32
Demo,https://expired.badssl.com,Offline,0,0.0,2026-07-10 17:13:32
Google,https://this-domain-does-not-exist-12345.com,Online,200,757.92,2026-07-10 17:12:45
GitHub,https://github.com,Online,200,717.55,2026-07-10 17:12:45
TimeFlow,https://smart-schedule-analyzer-xpr5.vercel.app/,Online,200,285.5,2026-07-10 17:12:45
Example,https://example.com,Online,200,2019.7,2026-07-10 17:12:45
Test,https://httpbin.org,Offline,0,0.0,2026-07-10 17:12:45
Demo,https://expired.badssl.com,Offline,0,0.0,2026-07-10 17:12:45
Google,https://this-domain-does-not-exist-12345.com,Online,200,845.06,2026-07-10 17:12:33
GitHub,https://github.com,Online,200,712.13,2026-07-10 17:12:33
TimeFlow,https://smart-schedule-analyzer-xpr5.vercel.app/,Online,200,376.42,2026-07-10 17:12:33
Example,https://example.com,Online,200,954.61,2026-07-10 17:12:33
Test,https://httpbin.org,Online,200,2409.95,2026-07-10 17:12:33
Demo,https://expired.badssl.com,Offline,0,0.0,2026-07-10 17:12:33
Google,https://this-domain-does-not-exist-12345.com,Online,200,535.15,2026-07-10 17:11:34
GitHub,https://github.com,Online,200,574.94,2026-07-10 17:11:34
TimeFlow,https://smart-schedule-analyzer-xpr5.vercel.app/,Online,200,270.08,2026-07-10 17:11:34
Example,https://example.com,Online,200,2203.57,2026-07-10 17:11:34
Test,https://httpbin.org,Offline,503,1110.45,2026-07-10 17:11:34
Demo,https://expired.badssl.com,Offline,0,0.0,2026-07-10 17:11:34
Google,https://this-domain-does-not-exist-12345.com,Online,200,653.68,2026-07-10 17:11:31
GitHub,https://github.com,Online,200,510.05,2026-07-10 17:11:31
TimeFlow,https://smart-schedule-analyzer-xpr5.vercel.app/,Online,200,324.23,2026-07-10 17:11:31
Example,https://example.com,Online,200,745.75,2026-07-10 17:11:31
Test,https://httpbin.org,Offline,503,1226.6,2026-07-10 17:11:31
Demo,https://expired.badssl.com,Offline,0,0.0,2026-07-10 17:11:31
Google,https://this-domain-does-not-exist-12345.com,Online,200,606.85,2026-07-10 17:10:42
GitHub,https://github.com,Online,200,519.27,2026-07-10 17:10:42
TimeFlow,https://smart-schedule-analyzer-xpr5.vercel.app/,Online,200,252.28,2026-07-10 17:10:42
Example,https://example.com,Online,200,1124.31,2026-07-10 17:10:42
Test,https://httpbin.org,Offline,0,0.0,2026-07-10 17:10:42
Demo,https://expired.badssl.com,Offline,0,0.0,2026-07-10 17:10:42
Google,https://this-domain-does-not-exist-12345.com,Online,200,543.58,2026-07-10 17:10:34
GitHub,https://github.com,Online,200,551.74,2026-07-10 17:10:34
TimeFlow,https://smart-schedule-analyzer-xpr5.vercel.app/,Online,200,269.45,2026-07-10 17:10:34
Example,https://example.com,Online,200,1586.57,2026-07-10 17:10:34
Test,https://httpbin.org,Offline,503,1272.5,2026-07-10 17:10:34
Demo,https://expired.badssl.com,Offline,0,0.0,2026-07-10 17:10:34
Google,https://this-domain-does-not-exist-12345.com,Online,200,519.12,2026-07-10 17:09:37
GitHub,https://github.com,Online,200,522.17,2026-07-10 17:09:37
TimeFlow,https://smart-schedule-analyzer-xpr5.vercel.app/,Online,200,291.58,2026-07-10 17:09:37
Example,https://example.com,Online,200,2720.12,2026-07-10 17:09:37
Test,https://httpbin.org,Online,200,3531.66,2026-07-10 17:09:37
Demo,https://expired.badssl.com,Offline,0,0.0,2026-07-10 17:09:37
Google,https://this-domain-does-not-exist-12345.com,Online,200,608.83,2026-07-10 17:09:31
GitHub,https://github.com,Online,200,527.68,2026-07-10 17:09:31
TimeFlow,https://smart-schedule-analyzer-xpr5.vercel.app/,Online,200,287.1,2026-07-10 17:09:31
Example,https://example.com,Online,200,1110.78,2026-07-10 17:09:31
Test,https://httpbin.org,Offline,503,1254.76,2026-07-10 17:09:31
Demo,https://expired.badssl.com,Offline,0,0.0,2026-07-10 17:09:31
Google,https://this-domain-does-not-exist-12345.com,Online,200,563.38,2026-07-10 17:08:33
GitHub,https://github.com,Online,200,531.14,2026-07-10 17:08:33
TimeFlow,https://smart-schedule-analyzer-xpr5.vercel.app/,Online,200,253.58,2026-07-10 17:08:33
Example,https://example.com,Online,200,1657.36,2026-07-10 17:08:33
Test,https://httpbin.org,Offline,503,1266.38,2026-07-10 17:08:33
Demo,https://expired.badssl.com,Offline,0,0.0,2026-07-10 17:08:33
Google,https://this-domain-does-not-exist-12345.com,Online,200,641.2,2026-07-10 17:08:32
GitHub,https://github.com,Online,200,522.27,2026-07-10 17:08:32
TimeFlow,https://smart-schedule-analyzer-xpr5.vercel.app/,Online,200,291.48,2026-07-10 17:08:32
Example,https://example.com,Online,200,1831.26,2026-07-10 17:08:32
Test,https://httpbin.org,Offline,503,1270.2,2026-07-10 17:08:32
Demo,https://expired.badssl.com,Offline,0,0.0,2026-07-10 17:08:32
Google,https://this-domain-does-not-exist-12345.com,Online,200,741.13,2026-07-10 17:07:43
GitHub,https://github.com,Online,200,546.67,2026-07-10 17:07:43
TimeFlow,https://smart-schedule-analyzer-xpr5.vercel.app/,Online,200,268.02,2026-07-10 17:07:43
Example,https://example.com,Online,200,711.9,2026-07-10 17:07:43
Test,https://httpbin.org,Offline,0,0.0,2026-07-10 17:07:43
Demo,https://expired.badssl.com,Offline,0,0.0,2026-07-10 17:07:43
Google,https://this-domain-does-not-exist-12345.com,Online,200,788.82,2026-07-10 17:07:35
GitHub,https://github.com,Online,200,984.02,2026-07-10 17:07:35
TimeFlow,https://smart-schedule-analyzer-xpr5.vercel.app/,Online,200,274.91,2026-07-10 17:07:35
Example,https://example.com,Online,200,1924.45,2026-07-10 17:07:35
Test,https://httpbin.org,Online,200,2929.29,2026-07-10 17:07:35
Demo,https://expired.badssl.com,Offline,0,0.0,2026-07-10 17:07:35
Google,https://this-domain-does-not-exist-12345.com,Online,200,514.83,2026-07-10 17:06:33
Google,https://this-domain-does-not-exist-12345.com,Online,200,622.01,2026-07-10 17:06:33
GitHub,https://github.com,Online,200,504.43,2026-07-10 17:06:33
GitHub,https://github.com,Online,200,542.01,2026-07-10 17:06:33
TimeFlow,https://smart-schedule-analyzer-xpr5.vercel.app/,Online,200,280.77,2026-07-10 17:06:33
TimeFlow,https://smart-schedule-analyzer-xpr5.vercel.app/,Online,200,241.4,2026-07-10 17:06:33
Example,https://example.com,Online,200,2377.95,2026-07-10 17:06:33
Example,https://example.com,Online,200,3044.11,2026-07-10 17:06:33
Test,https://httpbin.org,Offline,503,1231.72,2026-07-10 17:06:33
Test,https://httpbin.org,Offline,503,1099.56,2026-07-10 17:06:33
Demo,https://expired.badssl.com,Offline,0,0.0,2026-07-10 17:06:33
Demo,https://expired.badssl.com,Offline,0,0.0,2026-07-10 17:06:33
Google,https://this-domain-does-not-exist-12345.com,Online,200,511.64,2026-07-10 17:05:33
GitHub,https://github.com,Online,200,506.31,2026-07-10 17:05:33
TimeFlow,https://smart-schedule-analyzer-xpr5.vercel.app/,Online,200,288.94,2026-07-10 17:05:33
Example,https://example.com,Online,200,1809.81,2026-07-10 17:05:33
Test,https://httpbin.org,Offline,503,1151.85,2026-07-10 17:05:33
Demo,https://expired.badssl.com,Offline,0,0.0,2026-07-10 17:05:33
Google,https://this-domain-does-not-exist-12345.com,Online,200,615.41,2026-07-10 17:05:31
GitHub,https://github.com,Online,200,522.68,2026-07-10 17:05:31
TimeFlow,https://smart-schedule-analyzer-xpr5.vercel.app/,Online,200,271.03,2026-07-10 17:05:31
Example,https://example.com,Online,200,963.3,2026-07-10 17:05:31
Test,https://httpbin.org,Offline,503,1152.37,2026-07-10 17:05:31
Demo,https://expired.badssl.com,Offline,0,0.0,2026-07-10 17:05:31
Google,https://this-domain-does-not-exist-12345.com,Online,200,522.47,2026-07-10 17:04:37
GitHub,https://github.com,Online,200,532.2,2026-07-10 17:04:37
TimeFlow,https://smart-schedule-analyzer-xpr5.vercel.app/,Online,200,264.96,2026-07-10 17:04:37
Example,https://example.com,Online,200,951.15,2026-07-10 17:04:37
Test,https://httpbin.org,Offline,503,1146.15,2026-07-10 17:04:37
Demo,https://expired.badssl.com,Offline,0,0.0,2026-07-10 17:04:37
Google,https://this-domain-does-not-exist-12345.com,Online,200,618.94,2026-07-10 17:04:32
GitHub,https://github.com,Online,200,572.11,2026-07-10 17:04:32
TimeFlow,https://smart-schedule-analyzer-xpr5.vercel.app/,Online,200,383.67,2026-07-10 17:04:32
Example,https://example.com,Online,200,833.32,2026-07-10 17:04:32
Test,https://httpbin.org,Online,200,1357.24,2026-07-10 17:04:32
Demo,https://expired.badssl.com,Offline,0,0.0,2026-07-10 17:04:32
Google,https://this-domain-does-not-exist-12345.com,Online,200,604.83,2026-07-10 17:03:45
GitHub,https://github.com,Online,200,531.2,2026-07-10 17:03:45
TimeFlow,https://smart-schedule-analyzer-xpr5.vercel.app/,Online,200,344.73,2026-07-10 17:03:45
Example,https://example.com,Online,200,2837.56,2026-07-10 17:03:45
Test,https://httpbin.org,Offline,0,0.0,2026-07-10 17:03:45
Demo,https://expired.badssl.com,Offline,0,0.0,2026-07-10 17:03:45
Google,https://this-domain-does-not-exist-12345.com,Online,200,591.37,2026-07-10 17:03:32
GitHub,https://github.com,Online,200,519.86,2026-07-10 17:03:32
TimeFlow,https://smart-schedule-analyzer-xpr5.vercel.app/,Online,200,245.53,2026-07-10 17:03:32
Example,https://example.com,Online,200,785.29,2026-07-10 17:03:32
Test,https://httpbin.org,Offline,503,1115.34,2026-07-10 17:03:32
Demo,https://expired.badssl.com,Offline,0,0.0,2026-07-10 17:03:32
Google,https://this-domain-does-not-exist-12345.com,Online,200,696.7,2026-07-10 17:02:45
GitHub,https://github.com,Online,200,561.94,2026-07-10 17:02:45
TimeFlow,https://smart-schedule-analyzer-xpr5.vercel.app/,Online,200,274.78,2026-07-10 17:02:45
Example,https://example.com,Offline,0,0.0,2026-07-10 17:02:45
Test,https://httpbin.org,Offline,503,1408.32,2026-07-10 17:02:45
Demo,https://expired.badssl.com,Offline,0,0.0,2026-07-10 17:02:45
Google,https://this-domain-does-not-exist-12345.com,Online,200,584.63,2026-07-10 17:02:34
GitHub,https://github.com,Online,200,486.89,2026-07-10 17:02:34
TimeFlow,https://smart-schedule-analyzer-xpr5.vercel.app/,Online,200,238.8,2026-07-10 17:02:34
Example,https://example.com,Online,200,957.9,2026-07-10 17:02:34
Test,https://httpbin.org,Offline,503,1354.21,2026-07-10 17:02:34
Demo,https://expired.badssl.com,Offline,0,0.0,2026-07-10 17:02:34
Google,https://this-domain-does-not-exist-12345.com,Online,200,530.24,2026-07-10 17:01:33
GitHub,https://github.com,Online,200,554.07,2026-07-10 17:01:33
TimeFlow,https://smart-schedule-analyzer-xpr5.vercel.app/,Online,200,263.67,2026-07-10 17:01:33
Example,https://example.com,Online,200,1399.3,2026-07-10 17:01:33
Test,https://httpbin.org,Offline,503,1166.18,2026-07-10 17:01:33
Demo,https://expired.badssl.com,Offline,0,0.0,2026-07-10 17:01:33
Google,https://this-domain-does-not-exist-12345.com,Online,200,568.49,2026-07-10 17:01:31
GitHub,https://github.com,Online,200,548.33,2026-07-10 17:01:31
TimeFlow,https://smart-schedule-analyzer-xpr5.vercel.app/,Online,200,246.75,2026-07-10 17:01:31
Example,https://example.com,Online,200,816.43,2026-07-10 17:01:31
Test,https://httpbin.org,Offline,503,1357.26,2026-07-10 17:01:31
Demo,https://expired.badssl.com,Offline,0,0.0,2026-07-10 17:01:31
Google,https://this-domain-does-not-exist-12345.com,Online,200,550.1,2026-07-10 17:00:43
GitHub,https://github.com,Online,200,590.45,2026-07-10 17:00:43
TimeFlow,https://smart-schedule-analyzer-xpr5.vercel.app/,Online,200,285.3,2026-07-10 17:00:43
Example,https://example.com,Online,200,924.86,2026-07-10 17:00:43
Test,https://httpbin.org,Offline,0,0.0,2026-07-10 17:00:43
Demo,https://expired.badssl.com,Offline,0,0.0,2026-07-10 17:00:43
Google,https://this-domain-does-not-exist-12345.com,Online,200,767.74,2026-07-10 17:00:42
GitHub,https://github.com,Online,200,554.47,2026-07-10 17:00:42
TimeFlow,https://smart-schedule-analyzer-xpr5.vercel.app/,Online,200,265.54,2026-07-10 17:00:42
Example,https://example.com,Online,200,872.56,2026-07-10 17:00:42
Test,https://httpbin.org,Offline,0,0.0,2026-07-10 17:00:42
Demo,https://expired.badssl.com,Offline,0,0.0,2026-07-10 17:00:42
Google,https://this-domain-does-not-exist-12345.com,Online,200,733.28,2026-07-10 16:59:44
GitHub,https://github.com,Online,200,639.93,2026-07-10 16:59:44
TimeFlow,https://smart-schedule-analyzer-xpr5.vercel.app/,Online,200,356.15,2026-07-10 16:59:44
Example,https://example.com,Offline,0,0.0,2026-07-10 16:59:44
Test,https://httpbin.org,Offline,503,1298.36,2026-07-10 16:59:44
Demo,https://expired.badssl.com,Offline,0,0.0,2026-07-10 16:59:44
Google,https://this-domain-does-not-exist-12345.com,Online,200,784.36,2026-07-10 16:59:35
GitHub,https://github.com,Online,200,727.09,2026-07-10 16:59:35
TimeFlow,https://smart-schedule-analyzer-xpr5.vercel.app/,Online,200,357.17,2026-07-10 16:59:35
Example,https://example.com,Online,200,2157.62,2026-07-10 16:59:35
Test,https://httpbin.org,Offline,503,1700.26,2026-07-10 16:59:35
Demo,https://expired.badssl.com,Offline,0,0.0,2026-07-10 16:59:35
Google,https://this-domain-does-not-exist-12345.com,Online,200,702.51,2026-07-10 16:58:34
GitHub,https://github.com,Online,200,827.39,2026-07-10 16:58:34
TimeFlow,https://smart-schedule-analyzer-xpr5.vercel.app/,Online,200,439.53,2026-07-10 16:58:34
Example,https://example.com,Online,200,766.32,2026-07-10 16:58:34
Test,https://httpbin.org,Offline,503,1230.6,2026-07-10 16:58:34
Demo,https://expired.badssl.com,Offline,0,0.0,2026-07-10 16:58:34
Google,https://this-domain-does-not-exist-12345.com,Online,200,914.45,2026-07-10 16:58:33
GitHub,https://github.com,Online,200,774.92,2026-07-10 16:58:33
TimeFlow,https://smart-schedule-analyzer-xpr5.vercel.app/,Online,200,374.25,2026-07-10 16:58:33
Example,https://example.com,Online,200,967.76,2026-07-10 16:58:33
Test,https://httpbin.org,Offline,503,1651.43,2026-07-10 16:58:33
Demo,https://expired.badssl.com,Offline,0,0.0,2026-07-10 16:58:33
Google,https://this-domain-does-not-exist-12345.com,Online,200,814.21,2026-07-10 15:37:37
GitHub,https://github.com,Online,200,1537.71,2026-07-10 15:37:37
TimeFlow,https://smart-schedule-analyzer-xpr5.vercel.app/,Online,200,669.54,2026-07-10 15:37:37
Example,https://example.com,Online,200,605.27,2026-07-10 15:37:37
Test,https://httpbin.org,Offline,0,0.0,2026-07-10 15:37:37
Demo,https://expired.badssl.com,Offline,0,0.0,2026-07-10 15:37:37
Google,https://this-domain-does-not-exist-12345.com,Online,200,1105.0,2026-07-10 15:37:36
GitHub,https://github.com,Online,200,743.02,2026-07-10 15:37:36
TimeFlow,https://smart-schedule-analyzer-xpr5.vercel.app/,Online,200,379.12,2026-07-10 15:37:36
Example,https://example.com,Online,200,1152.93,2026-07-10 15:37:36
Test,https://httpbin.org,Offline,0,0.0,2026-07-10 15:37:36
Demo,https://expired.badssl.com,Offline,0,0.0,2026-07-10 15:37:36
Demo,https://expired.badssl.com,Offline,0,0.0,2026-07-10 15:37:01
Demo,https://expired.badssl.com,Offline,0,0.0,2026-07-10 15:36:34
Google,https://this-domain-does-not-exist-12345.com,Online,200,791.87,2026-07-10 15:36:28
GitHub,https://github.com,Online,200,975.6,2026-07-10 15:36:28
TimeFlow,https://smart-schedule-analyzer-xpr5.vercel.app/,Online,200,432.46,2026-07-10 15:36:28
Example,https://example.com,Online,200,3860.85,2026-07-10 15:36:28
Test,https://httpbin.org,Offline,503,1494.14,2026-07-10 15:36:28
Test,https://httpbin.org,Offline,503,1471.06,2026-07-10 15:36:28
Google,https://this-domain-does-not-exist-12345.com,Online,200,848.09,2026-07-10 15:36:23
GitHub,https://github.com,Online,200,788.6,2026-07-10 15:36:23
TimeFlow,https://smart-schedule-analyzer-xpr5.vercel.app/,Online,200,343.5,2026-07-10 15:36:23
Example,https://example.com,Online,200,878.4,2026-07-10 15:36:23
Test,https://httpbin.org,Offline,503,1675.94,2026-07-10 15:36:23
Example,https://example.com,Online,200,275.12,2026-07-10 15:35:47
Example,https://example.com,Online,200,367.49,2026-07-10 15:35:44
Google,https://this-domain-does-not-exist-12345.com,Online,200,766.33,2026-07-10 15:35:20
GitHub,https://github.com,Online,200,738.51,2026-07-10 15:35:20
TimeFlow,https://smart-schedule-analyzer-xpr5.vercel.app/,Online,200,394.65,2026-07-10 15:35:20
Google,https://this-domain-does-not-exist-12345.com,Online,200,928.44,2026-07-10 15:35:19
GitHub,https://github.com,Online,200,691.98,2026-07-10 15:35:19
TimeFlow,https://smart-schedule-analyzer-xpr5.vercel.app/,Online,200,350.26,2026-07-10 15:35:19
Google,https://this-domain-does-not-exist-12345.com,Online,200,1232.44,2026-07-10 15:34:20
Google,https://this-domain-does-not-exist-12345.com,Online,200,755.55,2026-07-10 15:34:20
GitHub,https://github.com,Online,200,664.8,2026-07-10 15:34:20
GitHub,https://github.com,Online,200,741.52,2026-07-10 15:34:20
TimeFlow,https://smart-schedule-analyzer-xpr5.vercel.app/,Online,200,687.27,2026-07-10 15:34:20
TimeFlow,https://smart-schedule-analyzer-xpr5.vercel.app/,Online,200,412.17,2026-07-10 15:34:20
TimeFlow,https://smart-schedule-analyzer-xpr5.vercel.app/,Online,200,396.39,2026-07-10 15:34:14
TimeFlow,https://smart-schedule-analyzer-xpr5.vercel.app/,Online,200,441.7,2026-07-10 15:34:10
TimeFlow,https://smart-schedule-analyzer-xpr5.vercel.app/,Online,200,472.1,2026-07-10 15:34:06
Google,https://this-domain-does-not-exist-12345.com,Online,200,828.23,2026-07-10 15:33:20
GitHub,https://github.com,Online,200,683.93,2026-07-10 15:33:20
Google,https://this-domain-does-not-exist-12345.com,Online,200,917.93,2026-07-10 15:33:18
GitHub,https://github.com,Online,200,854.05,2026-07-10 15:33:18
Google,https://this-domain-does-not-exist-12345.com,Online,200,1145.77,2026-07-10 15:32:20
GitHub,https://github.com,Online,200,809.79,2026-07-10 15:32:20
Google,https://this-domain-does-not-exist-12345.com,Online,200,1042.08,2026-07-10 15:32:19
GitHub,https://github.com,Online,200,1137.61,2026-07-10 15:32:19
Google,https://this-domain-does-not-exist-12345.com,Online,200,803.43,2026-07-10 15:31:20
GitHub,https://github.com,Online,200,656.04,2026-07-10 15:31:20
Google,https://this-domain-does-not-exist-12345.com,Online,200,1156.86,2026-07-10 15:31:19
GitHub,https://github.com,Online,200,820.29,2026-07-10 15:31:19
Google,https://this-domain-does-not-exist-12345.com,Online,200,1041.57,2026-07-10 15:30:21
GitHub,https://github.com,Online,200,1361.29,2026-07-10 15:30:21
Google,https://this-domain-does-not-exist-12345.com,Online,200,1180.03,2026-07-10 15:30:19
GitHub,https://github.com,Online,200,1322.78,2026-07-10 15:30:19
Google,https://this-domain-does-not-exist-12345.com,Online,200,772.8,2026-07-10 15:28:49
GitHub,https://github.com,Online,200,670.75,2026-07-10 15:28:49
Google,https://this-domain-does-not-exist-12345.com,Online,200,1001.61,2026-07-10 15:28:48
GitHub,https://github.com,Online,200,657.7,2026-07-10 15:28:48
Google,https://this-domain-does-not-exist-12345.com,Online,200,1028.48,2026-07-10 15:27:50
GitHub,https://github.com,Online,200,837.55,2026-07-10 15:27:50
Google,https://this-domain-does-not-exist-12345.com,Online,200,944.79,2026-07-10 15:27:48
GitHub,https://github.com,Online,200,797.29,2026-07-10 15:27:48
Google,https://this-domain-does-not-exist-12345.com,Online,200,835.71,2026-07-10 15:26:50
GitHub,https://github.com,Online,200,719.51,2026-07-10 15:26:50
Google,https://this-domain-does-not-exist-12345.com,Online,200,749.24,2026-07-10 15:26:48
GitHub,https://github.com,Online,200,800.98,2026-07-10 15:26:48
Google,https://this-domain-does-not-exist-12345.com,Online,200,999.49,2026-07-10 15:25:50
GitHub,https://github.com,Online,200,720.58,2026-07-10 15:25:50
Google,https://this-domain-does-not-exist-12345.com,Online,200,840.23,2026-07-10 15:25:48
GitHub,https://github.com,Online,200,856.66,2026-07-10 15:25:48
Google,https://this-domain-does-not-exist-12345.com,Online,200,1100.84,2026-07-10 15:24:50
GitHub,https://github.com,Online,200,1171.44,2026-07-10 15:24:50
Google,https://this-domain-does-not-exist-12345.com,Online,200,1134.68,2026-07-10 15:24:49
GitHub,https://github.com,Online,200,1351.79,2026-07-10 15:24:49
Google,https://this-domain-does-not-exist-12345.com,Online,200,994.56,2026-07-10 15:23:50
GitHub,https://github.com,Online,200,1102.27,2026-07-10 15:23:50
Google,https://this-domain-does-not-exist-12345.com,Online,200,821.62,2026-07-10 15:23:48
GitHub,https://github.com,Online,200,783.36,2026-07-10 15:23:48
Google,https://this-domain-does-not-exist-12345.com,Online,200,836.66,2026-07-10 15:22:09
GitHub,https://github.com,Online,200,737.52,2026-07-10 15:22:09
Google,https://this-domain-does-not-exist-12345.com,Online,200,1084.37,2026-07-10 15:21:11
GitHub,https://github.com,Online,200,690.49,2026-07-10 15:21:11
Google,https://this-domain-does-not-exist-12345.com,Online,200,783.84,2026-07-10 15:21:09
GitHub,https://github.com,Online,200,673.17,2026-07-10 15:21:09
Google,https://this-domain-does-not-exist-12345.com,Online,200,846.38,2026-07-10 15:20:11
GitHub,https://github.com,Online,200,664.51,2026-07-10 15:20:11
Google,https://this-domain-does-not-exist-12345.com,Online,200,830.93,2026-07-10 15:20:09
GitHub,https://github.com,Online,200,790.96,2026-07-10 15:20:09
Google,https://this-domain-does-not-exist-12345.com,Online,200,709.13,2026-07-10 15:19:11
GitHub,https://github.com,Online,200,878.79,2026-07-10 15:19:11
Google,https://this-domain-does-not-exist-12345.com,Online,200,835.89,2026-07-10 15:19:09
GitHub,https://github.com,Online,200,769.09,2026-07-10 15:19:09
Google,https://this-domain-does-not-exist-12345.com,Online,200,1051.2,2026-07-10 15:17:54
GitHub,https://github.com,Online,200,706.01,2026-07-10 15:17:54
Google,https://this-domain-does-not-exist-12345.com,Online,200,1446.53,2026-07-10 15:17:28
GitHub,https://github.com,Online,200,1184.4,2026-07-10 15:17:28
Google,https://this-domain-does-not-exist-12345.com,Online,200,882.03,2026-07-10 15:16:27
GitHub,https://github.com,Online,200,710.99,2026-07-10 15:16:27
Google,https://this-domain-does-not-exist-12345.com,Online,200,980.73,2026-07-10 15:15:42
GitHub,https://github.com,Online,200,650.85,2026-07-10 15:15:42
Google,https://this-domain-does-not-exist-12345.com,Online,200,791.25,2026-07-10 15:15:27
GitHub,https://github.com,Online,200,840.24,2026-07-10 15:15:27
Google,https://this-domain-does-not-exist-12345.com,Online,200,752.9,2026-07-10 15:14:28
GitHub,https://github.com,Online,200,736.16,2026-07-10 15:14:28
Google,https://this-domain-does-not-exist-12345.com,Online,200,735.2,2026-07-10 15:14:27
GitHub,https://github.com,Online,200,800.27,2026-07-10 15:14:27
Google,https://this-domain-does-not-exist-12345.com,Online,200,710.2,2026-07-10 15:13:28
GitHub,https://github.com,Online,200,686.84,2026-07-10 15:13:28
Google,https://this-domain-does-not-exist-12345.com,Online,200,1025.5,2026-07-10 15:13:27
GitHub,https://github.com,Online,200,743.52,2026-07-10 15:13:27
Google,https://this-domain-does-not-exist-12345.com,Online,200,853.53,2026-07-10 15:12:28
GitHub,https://github.com,Online,200,772.22,2026-07-10 15:12:28
Google,https://this-domain-does-not-exist-12345.com,Online,200,813.11,2026-07-10 15:12:27
GitHub,https://github.com,Online,200,848.15,2026-07-10 15:12:27
Google,https://this-domain-does-not-exist-12345.com,Online,200,667.09,2026-07-10 14:14:55
GitHub,https://github.com,Online,200,599.77,2026-07-10 14:14:55
Google,https://this-domain-does-not-exist-12345.com,Online,200,777.43,2026-07-10 14:14:54
GitHub,https://github.com,Online,200,566.07,2026-07-10 14:14:54
Google,https://this-domain-does-not-exist-12345.com,Online,200,802.34,2026-07-10 14:13:26
GitHub,https://github.com,Online,200,740.05,2026-07-10 14:13:26
Google,https://this-domain-does-not-exist-12345.com,Online,200,901.91,2026-07-10 14:13:25
GitHub,https://github.com,Online,200,716.82,2026-07-10 14:13:25
Google,https://this-domain-does-not-exist-12345.com,Online,200,665.46,2026-07-10 14:12:26
GitHub,https://github.com,Online,200,513.73,2026-07-10 14:12:26
Google,https://this-domain-does-not-exist-12345.com,Online,200,773.8,2026-07-10 14:12:25
GitHub,https://github.com,Online,200,587.5,2026-07-10 14:12:25
Google,https://this-domain-does-not-exist-12345.com,Online,200,651.37,2026-07-10 14:11:26
GitHub,https://github.com,Online,200,555.27,2026-07-10 14:11:26
Google,https://this-domain-does-not-exist-12345.com,Online,200,707.16,2026-07-10 14:11:25
GitHub,https://github.com,Online,200,539.72,2026-07-10 14:11:25
Google,https://this-domain-does-not-exist-12345.com,Online,200,673.53,2026-07-10 14:10:27
GitHub,https://github.com,Online,200,547.67,2026-07-10 14:10:27
Google,https://this-domain-does-not-exist-12345.com,Online,200,797.1,2026-07-10 14:10:25
GitHub,https://github.com,Online,200,669.96,2026-07-10 14:10:25
Google,https://this-domain-does-not-exist-12345.com,Online,200,671.6,2026-07-10 14:08:45
GitHub,https://github.com,Online,200,549.72,2026-07-10 14:08:45
Google,https://this-domain-does-not-exist-12345.com,Online,200,747.51,2026-07-10 14:08:44
GitHub,https://github.com,Online,200,612.1,2026-07-10 14:08:44
Google,https://this-domain-does-not-exist-12345.com,Online,200,678.93,2026-07-10 14:07:45
GitHub,https://github.com,Online,200,557.99,2026-07-10 14:07:45
Google,https://this-domain-does-not-exist-12345.com,Online,200,696.99,2026-07-10 14:07:44
GitHub,https://github.com,Online,200,538.02,2026-07-10 14:07:44
Google,https://this-domain-does-not-exist-12345.com,Online,200,617.87,2026-07-10 14:06:45
GitHub,https://github.com,Online,200,660.67,2026-07-10 14:06:45
Google,https://this-domain-does-not-exist-12345.com,Online,200,774.42,2026-07-10 14:06:44
GitHub,https://github.com,Online,200,530.26,2026-07-10 14:06:44
Google,https://this-domain-does-not-exist-12345.com,Online,200,740.64,2026-07-10 14:05:45
GitHub,https://github.com,Online,200,576.21,2026-07-10 14:05:45
Google,https://this-domain-does-not-exist-12345.com,Online,200,750.74,2026-07-10 14:05:44
GitHub,https://github.com,Online,200,583.02,2026-07-10 14:05:44
Google,https://this-domain-does-not-exist-12345.com,Online,200,665.38,2026-07-10 14:04:45
GitHub,https://github.com,Online,200,530.91,2026-07-10 14:04:45
Google,https://this-domain-does-not-exist-12345.com,Online,200,689.34,2026-07-10 14:04:44
GitHub,https://github.com,Online,200,550.47,2026-07-10 14:04:44
Google,https://this-domain-does-not-exist-12345.com,Online,200,738.09,2026-07-10 14:03:45
GitHub,https://github.com,Online,200,630.13,2026-07-10 14:03:45
Google,https://this-domain-does-not-exist-12345.com,Online,200,773.46,2026-07-10 14:03:44
GitHub,https://github.com,Online,200,583.46,2026-07-10 14:03:44
Google,https://this-domain-does-not-exist-12345.com,Online,200,888.27,2026-07-10 14:02:46
GitHub,https://github.com,Online,200,794.33,2026-07-10 14:02:46
Google,https://this-domain-does-not-exist-12345.com,Online,200,1099.14,2026-07-10 14:02:45
GitHub,https://github.com,Online,200,724.22,2026-07-10 14:02:45
Google,https://this-domain-does-not-exist-12345.com,Online,200,672.59,2026-07-10 14:01:28
GitHub,https://github.com,Online,200,600.87,2026-07-10 14:01:28
Google,https://this-domain-does-not-exist-12345.com,Online,200,748.01,2026-07-10 14:01:26
GitHub,https://github.com,Online,200,524.0,2026-07-10 14:01:26
Google,https://this-domain-does-not-exist-12345.com,Online,200,833.01,2026-07-10 14:00:28
GitHub,https://github.com,Online,200,700.07,2026-07-10 14:00:28
Google,https://this-domain-does-not-exist-12345.com,Online,200,901.65,2026-07-10 14:00:27
GitHub,https://github.com,Online,200,779.62,2026-07-10 14:00:27
Google,https://this-domain-does-not-exist-12345.com,Online,200,896.26,2026-07-10 13:59:28
GitHub,https://github.com,Online,200,705.04,2026-07-10 13:59:28
Google,https://this-domain-does-not-exist-12345.com,Online,200,952.92,2026-07-10 13:59:27
GitHub,https://github.com,Online,200,770.44,2026-07-10 13:59:27
Google,https://this-domain-does-not-exist-12345.com,Online,200,1077.61,2026-07-10 13:57:36
GitHub,https://github.com,Online,200,1135.03,2026-07-10 13:57:36
Google,https://this-domain-does-not-exist-12345.com,Online,200,1090.47,2026-07-10 13:57:33
GitHub,https://github.com,Online,200,989.98,2026-07-10 13:57:33
Google,https://this-domain-does-not-exist-12345.com,Online,200,900.78,2026-07-10 13:56:35
GitHub,https://github.com,Online,200,712.71,2026-07-10 13:56:35
Google,https://this-domain-does-not-exist-12345.com,Online,200,778.36,2026-07-10 13:56:32
GitHub,https://github.com,Online,200,713.46,2026-07-10 13:56:32
Google,https://this-domain-does-not-exist-12345.com,Online,200,781.55,2026-07-10 13:55:35
GitHub,https://github.com,Online,200,646.78,2026-07-10 13:55:35
Google,https://this-domain-does-not-exist-12345.com,Online,200,848.83,2026-07-10 13:55:33
GitHub,https://github.com,Online,200,834.16,2026-07-10 13:55:33
Google,https://this-domain-does-not-exist-12345.com,Online,200,723.21,2026-07-10 13:54:00
GitHub,https://github.com,Online,200,578.9,2026-07-10 13:54:00
Google,https://this-domain-does-not-exist-12345.com,Online,200,814.96,2026-07-10 13:53:58
GitHub,https://github.com,Online,200,528.14,2026-07-10 13:53:58
Google,https://this-domain-does-not-exist-12345.com,Online,200,625.44,2026-07-10 13:36:45
GitHub,https://github.com,Online,200,481.76,2026-07-10 13:36:45
Google,https://this-domain-does-not-exist-12345.com,Online,200,710.13,2026-07-10 13:36:43
GitHub,https://github.com,Online,200,502.47,2026-07-10 13:36:43
Google,https://this-domain-does-not-exist-12345.com,Online,200,953.45,2026-07-10 13:35:45
GitHub,https://github.com,Online,200,624.98,2026-07-10 13:35:45
Google,https://this-domain-does-not-exist-12345.com,Online,200,981.19,2026-07-10 13:35:44
GitHub,https://github.com,Online,200,726.73,2026-07-10 13:35:44
Google,https://this-domain-does-not-exist-12345.com,Online,200,992.72,2026-07-10 13:34:45
GitHub,https://github.com,Online,200,674.74,2026-07-10 13:34:45
Google,https://this-domain-does-not-exist-12345.com,Online,200,836.51,2026-07-10 13:34:43
GitHub,https://github.com,Online,200,850.74,2026-07-10 13:34:43
Google,https://this-domain-does-not-exist-12345.com,Online,200,955.45,2026-07-10 13:33:46
GitHub,https://github.com,Online,200,774.8,2026-07-10 13:33:46
Google,https://this-domain-does-not-exist-12345.com,Online,200,948.3,2026-07-10 13:33:44
GitHub,https://github.com,Online,200,895.54,2026-07-10 13:33:44
Google,https://this-domain-does-not-exist-12345.com,Online,200,776.17,2026-07-10 13:32:29
GitHub,https://github.com,Online,200,798.1,2026-07-10 13:32:29
Google,https://this-domain-does-not-exist-12345.com,Online,200,957.51,2026-07-10 13:32:27
GitHub,https://github.com,Online,200,807.73,2026-07-10 13:32:27
Google,https://this-domain-does-not-exist-12345.com,Online,200,704.76,2026-07-10 13:31:28
GitHub,https://github.com,Online,200,570.15,2026-07-10 13:31:28
Google,https://this-domain-does-not-exist-12345.com,Online,200,738.95,2026-07-10 13:31:27
GitHub,https://github.com,Online,200,775.62,2026-07-10 13:31:27
Google,https://this-domain-does-not-exist-12345.com,Online,200,913.25,2026-07-10 13:30:29
GitHub,https://github.com,Online,200,723.86,2026-07-10 13:30:29
Google,https://this-domain-does-not-exist-12345.com,Online,200,1096.21,2026-07-10 13:30:27
GitHub,https://github.com,Online,200,830.59,2026-07-10 13:30:27
Google,https://this-domain-does-not-exist-12345.com,Online,200,898.07,2026-07-10 13:29:15
GitHub,https://github.com,Online,200,761.18,2026-07-10 13:29:15
Google,https://this-domain-does-not-exist-12345.com,Online,200,955.36,2026-07-10 13:29:00
GitHub,https://github.com,Online,200,707.27,2026-07-10 13:29:00
Google,https://this-domain-does-not-exist-12345.com,Online,200,885.22,2026-07-10 13:28:15
GitHub,https://github.com,Online,200,679.16,2026-07-10 13:28:15
Google,https://this-domain-does-not-exist-12345.com,Online,200,892.87,2026-07-10 13:27:17
GitHub,https://github.com,Online,200,703.39,2026-07-10 13:27:17
Google,https://this-domain-does-not-exist-12345.com,Online,200,986.5,2026-07-10 13:27:15
GitHub,https://github.com,Online,200,708.58,2026-07-10 13:27:15
Google,https://this-domain-does-not-exist-12345.com,Online,200,774.14,2026-07-10 13:26:17
GitHub,https://github.com,Online,200,776.32,2026-07-10 13:26:17
Google,https://this-domain-does-not-exist-12345.com,Online,200,992.09,2026-07-10 13:26:16
GitHub,https://github.com,Online,200,916.52,2026-07-10 13:26:16
Google,https://this-domain-does-not-exist-12345.com,Online,200,837.99,2026-07-10 13:25:17
GitHub,https://github.com,Online,200,744.1,2026-07-10 13:25:17
Google,https://this-domain-does-not-exist-12345.com,Online,200,949.52,2026-07-10 13:25:16
GitHub,https://github.com,Online,200,917.64,2026-07-10 13:25:16
Google,https://this-domain-does-not-exist-12345.com,Online,200,973.2,2026-07-10 13:24:17
GitHub,https://github.com,Online,200,860.34,2026-07-10 13:24:17
Google,https://this-domain-does-not-exist-12345.com,Online,200,760.11,2026-07-10 13:24:15
GitHub,https://github.com,Online,200,723.45,2026-07-10 13:24:15
Google,https://this-domain-does-not-exist-12345.com,Online,200,865.36,2026-07-10 13:23:17
GitHub,https://github.com,Online,200,864.27,2026-07-10 13:23:17
Google,https://this-domain-does-not-exist-12345.com,Online,200,902.72,2026-07-10 13:23:15
GitHub,https://github.com,Online,200,697.17,2026-07-10 13:23:15
Google,https://this-domain-does-not-exist-12345.com,Online,200,872.22,2026-07-10 13:22:17
GitHub,https://github.com,Online,200,810.22,2026-07-10 13:22:17
Google,https://this-domain-does-not-exist-12345.com,Online,200,940.16,2026-07-10 13:22:16
GitHub,https://github.com,Online,200,1075.46,2026-07-10 13:22:16
Google,https://this-domain-does-not-exist-12345.com,Online,200,867.07,2026-07-10 13:21:17
GitHub,https://github.com,Online,200,723.85,2026-07-10 13:21:17
Google,https://this-domain-does-not-exist-12345.com,Online,200,913.29,2026-07-10 13:21:15
GitHub,https://github.com,Online,200,780.52,2026-07-10 13:21:15
Google,https://this-domain-does-not-exist-12345.com,Online,200,758.44,2026-07-10 13:20:17
GitHub,https://github.com,Online,200,706.9,2026-07-10 13:20:17
Google,https://this-domain-does-not-exist-12345.com,Online,200,1014.22,2026-07-10 13:20:15
GitHub,https://github.com,Online,200,729.15,2026-07-10 13:20:15
Google,https://this-domain-does-not-exist-12345.com,Online,200,785.87,2026-07-10 13:19:17
GitHub,https://github.com,Online,200,757.24,2026-07-10 13:19:17
Google,https://this-domain-does-not-exist-12345.com,Online,200,1168.8,2026-07-10 13:19:16
GitHub,https://github.com,Online,200,710.47,2026-07-10 13:19:16
Google,https://this-domain-does-not-exist-12345.com,Online,200,775.05,2026-07-10 13:18:17
GitHub,https://github.com,Online,200,860.21,2026-07-10 13:18:17
Google,https://this-domain-does-not-exist-12345.com,Online,200,805.86,2026-07-10 13:18:15
GitHub,https://github.com,Online,200,709.47,2026-07-10 13:18:15
GitHub,https://github.com,Online,200,706.67,2026-07-10 13:17:26
GitHub,https://github.com,Online,200,899.9,2026-07-10 13:17:25
GitHub,https://github.com,Online,200,804.59,2026-07-10 13:17:24
Google,https://this-domain-does-not-exist-12345.com,Online,200,989.62,2026-07-10 13:17:16
Google,https://this-domain-does-not-exist-12345.com,Online,200,1037.81,2026-07-10 13:17:14
Google,https://this-domain-does-not-exist-12345.com,Online,200,1054.01,2026-07-10 13:16:16
Google,https://this-domain-does-not-exist-12345.com,Online,200,896.67,2026-07-10 13:16:14
Google,https://this-domain-does-not-exist-12345.com,Online,200,935.04,2026-07-10 13:15:08
Google,https://this-domain-does-not-exist-12345.com,Online,200,877.51,2026-07-10 13:15:07
Google,https://this-domain-does-not-exist-12345.com,Online,200,874.93,2026-07-10 13:14:08
Google,https://this-domain-does-not-exist-12345.com,Online,200,991.49,2026-07-10 13:14:07
Google,https://this-domain-does-not-exist-12345.com,Online,200,743.74,2026-07-10 13:13:08
Google,https://this-domain-does-not-exist-12345.com,Online,200,861.84,2026-07-10 13:13:07
Google,https://this-domain-does-not-exist-12345.com,Online,200,906.71,2026-07-10 12:56:27
Google,https://this-domain-does-not-exist-12345.com,Online,200,792.61,2026-07-10 12:55:28
Google,https://this-domain-does-not-exist-12345.com,Online,200,669.75,2026-07-10 12:55:27
Google,https://this-domain-does-not-exist-12345.com,Online,200,723.85,2026-07-10 12:54:28
Google,https://this-domain-does-not-exist-12345.com,Online,200,603.5,2026-07-10 12:54:27
Google,https://this-domain-does-not-exist-12345.com,Online,200,672.43,2026-07-10 12:53:28
Google,https://this-domain-does-not-exist-12345.com,Online,200,722.51,2026-07-10 12:53:27
Google,https://this-domain-does-not-exist-12345.com,Online,200,739.15,2026-07-10 12:53:19
Google,https://this-domain-does-not-exist-12345.com,Online,200,689.72,2026-07-10 12:51:33
Google,https://this-domain-does-not-exist-12345.com,Online,200,885.38,2026-07-10 12:51:30
Google,https://this-domain-does-not-exist-12345.com,Online,200,665.12,2026-07-10 12:50:33
Google,https://this-domain-does-not-exist-12345.com,Online,200,673.18,2026-07-10 12:49:33
Google,https://this-domain-does-not-exist-12345.com,Online,200,687.45,2026-07-10 12:48:33
Google,https://this-domain-does-not-exist-12345.com,Online,200,692.13,2026-07-10 12:47:33
Google,https://this-domain-does-not-exist-12345.com,Online,200,853.96,2026-07-10 12:46:33
Google,https://this-domain-does-not-exist-12345.com,Online,200,647.28,2026-07-10 12:46:09
Google,https://this-domain-does-not-exist-12345.com,Online,200,670.37,2026-07-10 12:45:33
Google,https://this-domain-does-not-exist-12345.com,Online,200,767.87,2026-07-10 12:44:35
Google,https://this-domain-does-not-exist-12345.com,Online,200,681.97,2026-07-10 12:44:33
Google,https://this-domain-does-not-exist-12345.com,Online,200,1244.04,2026-07-10 12:43:35
Google,https://this-domain-does-not-exist-12345.com,Online,200,1197.88,2026-07-10 12:43:34
Google,https://this-domain-does-not-exist-12345.com,Online,200,818.41,2026-07-10 12:42:35
Google,https://this-domain-does-not-exist-12345.com,Online,200,1147.04,2026-07-10 12:42:34
Google,https://this-domain-does-not-exist-12345.com,Online,200,980.14,2026-07-10 12:41:35
Google,https://this-domain-does-not-exist-12345.com,Online,200,989.05,2026-07-10 12:41:33
Google,https://this-domain-does-not-exist-12345.com,Online,200,920.85,2026-07-10 12:39:37
Google,https://this-domain-does-not-exist-12345.com,Online,200,790.7,2026-07-10 12:39:37
Google,https://this-domain-does-not-exist-12345.com,Online,200,4679.42,2026-07-10 12:24:44
Google,https://this-domain-does-not-exist-12345.com,Online,200,789.16,2026-07-10 12:23:40
Google,https://this-domain-does-not-exist-12345.com,Online,200,12978.8,2026-07-10 12:22:52
Google,https://this-domain-does-not-exist-12345.com,Online,200,12409.4,2026-07-10 12:21:53
Google,https://this-domain-does-not-exist-12345.com,Online,200,688.13,2026-07-10 12:21:40
Google,https://this-domain-does-not-exist-12345.com,Online,200,10715.4,2026-07-10 12:20:52
Google,https://this-domain-does-not-exist-12345.com,Online,200,862.98,2026-07-10 12:20:40
Google,https://this-domain-does-not-exist-12345.com,Online,200,1057.41,2026-07-10 11:48:13
Google,https://this-domain-does-not-exist-12345.com,Online,200,1079.54,2026-07-10 11:48:10
Google,https://this-domain-does-not-exist-12345.com,Online,200,999.76,2026-07-10 11:48:06
Google,https://this-domain-does-not-exist-12345.com,Online,200,1214.47,2026-07-10 11:48:05
Google,https://this-domain-does-not-exist-12345.com,Online,200,847.77,2026-07-10 11:48:03
Google,https://this-domain-does-not-exist-12345.com,Online,200,772.41,2026-07-10 11:48:00
Google,https://this-domain-does-not-exist-12345.com,Online,200,1095.82,2026-07-10 11:47:58
Google,https://this-domain-does-not-exist-12345.com,Online,200,852.81,2026-07-08 16:36:18
